Episode,Reward_CP_0.5,Reward_CP_0.7,Epsilon
1.0,20.0,20.0,0.9823394220347178
2.0,14.0,14.0,0.9701648064649079
3.0,19.0,19.0,0.9538855724078484
4.0,16.0,16.0,0.940391014169651
5.0,41.0,41.0,0.906685280943313
6.0,38.0,38.0,0.8765371164324992
7.0,36.0,36.0,0.8489112692512522
8.0,53.0,53.0,0.809834589471326
9.0,39.0,39.0,0.7822473831039836
10.0,25.0,25.0,0.7650658342492364
11.0,17.0,17.0,0.7536012546634678
12.0,13.0,13.0,0.7449518178574458
13.0,45.0,45.0,0.7157809661628279
14.0,19.0,19.0,0.7038147146778522
15.0,22.0,22.0,0.6902122917029373
16.0,16.0,16.0,0.6804874218108092
17.0,39.0,39.0,0.6573615466415093
18.0,13.0,13.0,0.649831552907356
19.0,29.0,29.0,0.633347995520098
20.0,21.0,21.0,0.6216773533767942
21.0,34.0,34.0,0.6032435026505015
22.0,19.0,19.0,0.5931852816373466
23.0,19.0,19.0,0.5832975939878061
24.0,36.0,36.0,0.5650204406835282
25.0,9.0,9.0,0.5605429334988333
26.0,41.0,41.0,0.5405981436593503
27.0,20.0,20.0,0.5311328205438655
28.0,12.0,12.0,0.5255348694299857
29.0,17.0,17.0,0.5177072201420326
30.0,65.0,65.0,0.48885840253176843
31.0,12.0,12.0,0.483714558540047
32.0,13.0,13.0,0.47820439551586125
33.0,11.0,11.0,0.473592040827308
34.0,9.0,9.0,0.46985211245455244
35.0,14.0,14.0,0.4640943260671779
36.0,18.0,18.0,0.4567972637755064
37.0,12.0,12.0,0.45199781698990527
38.0,9.0,9.0,0.4484320953405288
39.0,15.0,15.0,0.4425530349986968
40.0,14.0,14.0,0.43713705905930345
41.0,10.0,10.0,0.43331007279806766
42.0,11.0,11.0,0.4291399791003551
43.0,12.0,12.0,0.4246376238074613
44.0,14.0,14.0,0.41944596587789623
45.0,18.0,18.0,0.4128663797730423
46.0,12.0,12.0,0.4085388336840403
47.0,39.0,39.0,0.39479277519273553
48.0,52.0,52.0,0.37719937002572107
49.0,35.0,35.0,0.3658128687704342
50.0,20.0,20.0,0.35946553451793817
51.0,13.0,13.0,0.35540061392005184
52.0,19.0,19.0,0.3495444760991307
53.0,38.0,38.0,0.3381283829149025
54.0,17.0,17.0,0.3331462293202854
55.0,21.0,21.0,0.3270961192221396
56.0,22.0,22.0,0.32087936502809483
57.0,43.0,43.0,0.30907815976550057
58.0,19.0,19.0,0.30400740177541885
59.0,11.0,11.0,0.3011110889021616
60.0,19.0,19.0,0.29617540960946626
61.0,26.0,26.0,0.2895566465636425
62.0,32.0,32.0,0.2816202478405191
63.0,37.0,37.0,0.2727242342567818
64.0,27.0,27.0,0.26641697887840393
65.0,11.0,11.0,0.2638909751371289
66.0,13.0,13.0,0.26093776072107494
67.0,10.0,10.0,0.2586894534334334
68.0,29.0,29.0,0.25228263142121954
69.0,11.0,11.0,0.24989586734618466
70.0,12.0,12.0,0.24731893247490905
71.0,12.0,12.0,0.24476967875297642
72.0,42.0,42.0,0.23606101554655054
73.0,13.0,13.0,0.23343151424324787
74.0,15.0,15.0,0.23043545768520157
75.0,12.0,12.0,0.22806756438191733
76.0,12.0,12.0,0.2257251067265756
77.0,9.0,9.0,0.22398479115531889
78.0,11.0,11.0,0.2218767935281781
79.0,13.0,13.0,0.2194122805586378
80.0,12.0,12.0,0.2171627970047332
81.0,10.0,10.0,0.21530669681122083
82.0,9.0,9.0,0.21365042950527063
83.0,9.0,9.0,0.21200752377705445
84.0,9.0,9.0,0.21037787183493814
85.0,10.0,10.0,0.20858256200100142
86.0,11.0,11.0,0.2066262941408907
87.0,18.0,18.0,0.20346661071354408
88.0,38.0,38.0,0.19696191689164308
89.0,12.0,12.0,0.19495359266093276
90.0,11.0,11.0,0.19313158590823123
91.0,29.0,29.0,0.1884136879052002
92.0,10.0,10.0,0.18681516883983665
93.0,15.0,15.0,0.18444420408153525
94.0,10.0,10.0,0.18288125008769895
95.0,10.0,10.0,0.18133229956964278
96.0,15.0,15.0,0.17903485616077822
97.0,13.0,13.0,0.1770686729446951
98.0,11.0,11.0,0.17542285333183597
99.0,26.0,26.0,0.17159689683172424
100.0,12.0,12.0,0.16986104084078013
101.0,18.0,18.0,0.16729215612660728
102.0,10.0,10.0,0.1658828779857164
103.0,10.0,10.0,0.16448622644317162
104.0,9.0,9.0,0.16323994227391866
105.0,12.0,12.0,0.16159385576444124
106.0,11.0,11.0,0.1601004809946025
107.0,9.0,9.0,0.158889577876779
108.0,10.0,10.0,0.15755558365433778
109.0,11.0,11.0,0.1561019905343064
110.0,14.0,14.0,0.1542726544728136
111.0,9.0,9.0,0.15310876608311494
112.0,10.0,10.0,0.1518265657447302
113.0,11.0,11.0,0.1504294100756695
114.0,9.0,9.0,0.14929652622767664
115.0,9.0,9.0,0.1481727816747385
116.0,10.0,10.0,0.14693480588703578
117.0,12.0,12.0,0.1454638673490557
118.0,11.0,11.0,0.144129391616489
119.0,10.0,10.0,0.1429276430721817
120.0,12.0,12.0,0.14149974903391185
121.0,29.0,29.0,0.13811200791711142
122.0,11.0,11.0,0.13684995650102974
123.0,9.0,9.0,0.13582662195336498
124.0,11.0,11.0,0.13458708423165694
125.0,11.0,11.0,0.1333597573898063
126.0,9.0,9.0,0.13236457926747472
127.0,10.0,10.0,0.1312682389856227
128.0,10.0,10.0,0.13018172149743212
129.0,11.0,11.0,0.1289977925725096
130.0,12.0,12.0,0.12771953144747564
131.0,10.0,10.0,0.12666480903467267
132.0,11.0,11.0,0.12551552576417416
133.0,18.0,18.0,0.12365925067160305
134.0,8.0,8.0,0.12284384305673886
135.0,9.0,9.0,0.12193349979548372
136.0,10.0,10.0,0.12093061803469064
137.0,11.0,11.0,0.11983782317608474
138.0,10.0,10.0,0.11885371788401605
139.0,10.0,10.0,0.1178784298026119
140.0,12.0,12.0,0.1167196116424989
141.0,10.0,10.0,0.11576344434467715
142.0,8.0,8.0,0.11500468236636631
143.0,9.0,9.0,0.11415757983597488
144.0,17.0,17.0,0.11257609805077676
145.0,12.0,12.0,0.11147423695183176
146.0,12.0,12.0,0.11038421192293071
147.0,10.0,10.0,0.1094848074069187
148.0,9.0,9.0,0.10868223527212688
149.0,13.0,13.0,0.1075343811601142
150.0,10.0,10.0,0.1066605100482984
151.0,11.0,11.0,0.10570829225412752
152.0,10.0,10.0,0.10485078220723634
153.0,11.0,11.0,0.1039163923249191
154.0,24.0,24.0,0.1019095501713753
155.0,21.0,21.0,0.10018877224746914
156.0,9.0,9.0,0.09946119386275319
157.0,8.0,8.0,0.09881938654588732
158.0,12.0,12.0,0.09786529852024776
159.0,17.0,17.0,0.09653119139737115
160.0,9.0,9.0,0.09583311975391097
161.0,10.0,10.0,0.09506408751217423
162.0,9.0,9.0,0.094377851411525
163.0,12.0,12.0,0.0934714738650044
164.0,40.0,40.0,0.09051994704660668
165.0,37.0,37.0,0.0878827852430102
166.0,40.0,40.0,0.0851288728141004
167.0,10.0,10.0,0.08445574657046587
168.0,10.0,10.0,0.08378865128301234
169.0,33.0,33.0,0.08162935264696325
170.0,10.0,10.0,0.08098758077850292
171.0,10.0,10.0,0.0803515589428982
172.0,10.0,10.0,0.07972123562203268
173.0,10.0,10.0,0.07909655975937274
174.0,9.0,9.0,0.07853913823021379
175.0,10.0,10.0,0.0779250535124381
176.0,23.0,23.0,0.07653345761235228
177.0,23.0,23.0,0.07517037165151559
178.0,9.0,9.0,0.07464462379448256
179.0,10.0,10.0,0.07406543245091456
180.0,20.0,20.0,0.07292257127447123
181.0,12.0,12.0,0.07224666397393602
182.0,9.0,9.0,0.07174450249530051
183.0,10.0,10.0,0.07119129514008586
184.0,11.0,11.0,0.07058849012641857
185.0,10.0,10.0,0.07004564020416298
186.0,10.0,10.0,0.06950765401159398
187.0,10.0,10.0,0.06897448797153583
188.0,18.0,18.0,0.0680267982787911
189.0,9.0,9.0,0.06755867965260472
190.0,9.0,9.0,0.06709433747203802
191.0,10.0,10.0,0.0665827938340754
192.0,10.0,10.0,0.06607583343335006
193.0,10.0,10.0,0.06557341520579238
194.0,9.0,9.0,0.06512508871613099
195.0,18.0,18.0,0.06423925688978041
196.0,10.0,10.0,0.06375329369240773
197.0,10.0,10.0,0.06327168454121382
198.0,9.0,9.0,0.06284192676512122
199.0,18.0,18.0,0.061992784177155945
200.0,26.0,26.0,0.06079027722859995
201.0,10.0,10.0,0.06033521558261144
202.0,9.0,9.0,0.05992914713378685
203.0,10.0,10.0,0.059481800887275164
204.0,14.0,14.0,0.05886224161625042
205.0,10.0,10.0,0.05842445443906096
206.0,10.0,10.0,0.05799058966915723
207.0,10.0,10.0,0.05756061216325562
208.0,10.0,10.0,0.057134487092943075
209.0,10.0,10.0,0.056712179941855886
210.0,12.0,12.0,0.05621040287192512
211.0,10.0,10.0,0.055796375165440205
212.0,11.0,11.0,0.05534522791493154
213.0,11.0,11.0,0.05489852498650961
214.0,11.0,11.0,0.05445622259846285
215.0,9.0,9.0,0.05409758165211523
216.0,8.0,8.0,0.05378121933524476
217.0,10.0,10.0,0.053388956193139665
218.0,11.0,11.0,0.05296152480324772
219.0,12.0,12.0,0.05250003685594222
220.0,12.0,12.0,0.05204350616111982
221.0,11.0,11.0,0.05162932900981008
222.0,10.0,10.0,0.05125634598994318
223.0,11.0,11.0,0.050849923276526245
224.0,9.0,9.0,0.05052037536881382
225.0,10.0,10.0,0.05015732815352868
226.0,9.0,9.0,0.049833367606951076
227.0,11.0,11.0,0.049440962876020775
228.0,10.0,10.0,0.049087586787818875
229.0,10.0,10.0,0.048737376815517985
230.0,9.0,9.0,0.04842487141879041
231.0,10.0,10.0,0.048080599125177405
232.0,8.0,8.0,0.047807403495945464
233.0,10.0,10.0,0.047468663481041035
234.0,10.0,10.0,0.04713295844836463
235.0,9.0,9.0,0.04683339634928811
236.0,9.0,9.0,0.04653625090255909
237.0,23.0,23.0,0.045787724485112855
238.0,10.0,10.0,0.045467080029145845
239.0,11.0,11.0,0.045117688279669665
240.0,10.0,10.0,0.04480304709431188
241.0,10.0,10.0,0.044491224974797364
242.0,10.0,10.0,0.04418219666336391
243.0,10.0,10.0,0.043875937128549376
244.0,8.0,8.0,0.04363290634194767
245.0,10.0,10.0,0.04333156824035675
246.0,10.0,10.0,0.043032930014017375
247.0,10.0,10.0,0.04273696747306994
248.0,10.0,10.0,0.04244365664438679
249.0,8.0,8.0,0.04221090124150008
250.0,10.0,10.0,0.041922303766992186
251.0,10.0,10.0,0.04163629201654298
252.0,9.0,9.0,0.04138107308329663
253.0,10.0,10.0,0.04109991055476984
254.0,10.0,10.0,0.04082126713600189
255.0,10.0,10.0,0.04054512025672355
256.0,10.0,10.0,0.0402714475488866
257.0,9.0,9.0,0.04002723920275013
258.0,10.0,10.0,0.039758206512997475
259.0,10.0,10.0,0.03949158425424271
260.0,9.0,9.0,0.039253667286313056
261.0,9.0,9.0,0.039017669661988046
262.0,11.0,11.0,0.038731812062191485
263.0,11.0,11.0,0.03844877049029494
264.0,10.0,10.0,0.03819388028232473
265.0,8.0,8.0,0.03799161337893646
266.0,9.0,9.0,0.03776579710114129
267.0,10.0,10.0,0.0375170260760461
268.0,10.0,10.0,0.03727048394510805
269.0,9.0,9.0,0.03705048522281963
270.0,9.0,9.0,0.03683226129257034
271.0,10.0,10.0,0.0365918543947219
272.0,11.0,11.0,0.03632989388031945
273.0,8.0,8.0,0.036140999480244525
274.0,9.0,9.0,0.035930112629223764
275.0,10.0,10.0,0.03569778864168946
276.0,11.0,11.0,0.035444635708777844
277.0,10.0,10.0,0.03521666141056524
278.0,11.0,11.0,0.03496824813721582
279.0,8.0,8.0,0.034789122377186586
280.0,10.0,10.0,0.03456702123013436
281.0,10.0,10.0,0.03434691002523384
282.0,10.0,10.0,0.03412877093335706
283.0,9.0,9.0,0.033934117300278406
284.0,9.0,9.0,0.033741033993221564
285.0,10.0,10.0,0.0335283233211022
286.0,10.0,10.0,0.033317518456036
287.0,10.0,10.0,0.03310860232271362
288.0,8.0,8.0,0.0329428179260062
289.0,10.0,10.0,0.0327372589675065
290.0,10.0,10.0,0.032533541739414785
291.0,9.0,9.0,0.03235175727232273
292.0,9.0,9.0,0.03217143931204342
293.0,10.0,10.0,0.03197279161374751
294.0,11.0,11.0,0.03175633420883867
295.0,13.0,13.0,0.031503268420299615
296.0,10.0,10.0,0.03131060728010872
297.0,10.0,10.0,0.03111967231075912
298.0,8.0,8.0,0.03096815678057683
299.0,10.0,10.0,0.030780290037992077
300.0,10.0,10.0,0.030594106510262037
301.0,18.0,18.0,0.030263169809624943
302.0,11.0,11.0,0.030063554156351542
303.0,10.0,10.0,0.0298837923106409
304.0,11.0,11.0,0.029687913964413157
305.0,9.0,9.0,0.02952908598301711
306.0,11.0,11.0,0.029336701904269444
307.0,11.0,11.0,0.029146213031154423
308.0,10.0,10.0,0.028974670214461602
309.0,10.0,10.0,0.028804664356430573
310.0,9.0,9.0,0.028652961799930134
311.0,10.0,10.0,0.028485838327438895
312.0,9.0,9.0,0.028336707830867842
313.0,10.0,10.0,0.028172417874150972
314.0,9.0,9.0,0.02802581582919822
315.0,9.0,9.0,0.027880396464488283
316.0,9.0,9.0,0.02773615023900451
317.0,10.0,10.0,0.027577241050835817
318.0,11.0,11.0,0.02740408490162169
319.0,10.0,10.0,0.02724815089309858
320.0,10.0,10.0,0.027093613994228265
321.0,10.0,10.0,0.026940461687437453
322.0,9.0,9.0,0.02680379818217242
323.0,10.0,10.0,0.026653242515283254
324.0,9.0,9.0,0.026518896088476317
325.0,12.0,12.0,0.026341451933909257
326.0,9.0,9.0,0.026209620810081977
327.0,10.0,10.0,0.02606438874738845
328.0,9.0,9.0,0.025934792770805
329.0,9.0,9.0,0.025806242281691427
330.0,10.0,10.0,0.025664624337823433
331.0,11.0,11.0,0.025510309674823782
332.0,12.0,12.0,0.025343699643948767
333.0,9.0,9.0,0.025219917670602037
334.0,9.0,9.0,0.025097134281513403
335.0,9.0,9.0,0.024975341420820692
336.0,9.0,9.0,0.02485453109765061
337.0,9.0,9.0,0.02473469538559451
338.0,10.0,10.0,0.024602678096042635
339.0,10.0,10.0,0.02447184363140058
340.0,9.0,9.0,0.024355095167586216
341.0,10.0,10.0,0.024226478952205442
342.0,10.0,10.0,0.024099015089398136
343.0,10.0,10.0,0.023972693254521726
344.0,9.0,9.0,0.023859971578254077
345.0,10.0,10.0,0.023735791482694318
346.0,9.0,9.0,0.023624980960156645
347.0,10.0,10.0,0.023502906291526977
348.0,10.0,10.0,0.023381925365689643
349.0,10.0,10.0,0.023262028383123523
350.0,9.0,9.0,0.023155039841771908
351.0,11.0,11.0,0.023025447487933684
352.0,8.0,8.0,0.02293200107678883
353.0,8.0,8.0,0.022839225063475906
354.0,10.0,10.0,0.02272419047005747
355.0,9.0,9.0,0.022621540819570816
356.0,9.0,9.0,0.02251971927290499
357.0,9.0,9.0,0.022418719149511778
358.0,10.0,10.0,0.022307452129806213
359.0,8.0,8.0,0.022219156719384965
360.0,10.0,10.0,0.02210967770346451
361.0,10.0,10.0,0.022001179578059006
362.0,10.0,10.0,0.021893653554761
363.0,10.0,10.0,0.021787090923903792
364.0,10.0,10.0,0.021681483053856032
365.0,10.0,10.0,0.021576821390322506
366.0,10.0,10.0,0.021473097455651236
367.0,10.0,10.0,0.021370302848146817
368.0,10.0,10.0,0.021268429241389813
369.0,9.0,9.0,0.021177523629289458
370.0,9.0,9.0,0.021087351378524043
371.0,10.0,10.0,0.02098801290976053
372.0,10.0,10.0,0.020889564476050407
373.0,12.0,12.0,0.02077258997898313
374.0,10.0,10.0,0.02067607165313641
375.0,10.0,10.0,0.02058041809493076
376.0,17.0,17.0,0.02041976979143461
377.0,10.0,10.0,0.02032641260082961
378.0,9.0,9.0,0.02024310650393092
379.0,10.0,10.0,0.020151332149466683
380.0,10.0,10.0,0.02006038005845681
381.0,9.0,9.0,0.019979220121469583
382.0,10.0,10.0,0.019889810089039194
383.0,10.0,10.0,0.019801201136633292
384.0,16.0,16.0,0.019661075168603943
385.0,17.0,17.0,0.019514385754078017
386.0,9.0,9.0,0.019437630507875954
387.0,9.0,9.0,0.01936149446799701
388.0,18.0,18.0,0.01921106006625554
389.0,9.0,9.0,0.019136751834337953
390.0,8.0,8.0,0.019071203478380816
391.0,9.0,9.0,0.01899802350919219
392.0,9.0,9.0,0.0189254339035538
393.0,10.0,10.0,0.0188454653964903
394.0,15.0,15.0,0.01872685404168708
395.0,10.0,10.0,0.018648664734969237
396.0,10.0,10.0,0.018571175974823592
397.0,10.0,10.0,0.01849438148461821
398.0,13.0,13.0,0.018395576358353736
399.0,9.0,9.0,0.018327846864611322
400.0,11.0,11.0,0.018245807943363643
401.0,10.0,10.0,0.018171928627479562
402.0,9.0,9.0,0.01810600336336264
403.0,10.0,10.0,0.018033376643561177
404.0,9.0,9.0,0.017968569117563386
405.0,11.0,11.0,0.017890069497563107
406.0,11.0,11.0,0.017812343189590282
407.0,12.0,12.0,0.017728423863199477
408.0,9.0,9.0,0.017666076477702783
409.0,10.0,10.0,0.017597391336164465
410.0,10.0,10.0,0.017529321587478254
411.0,10.0,10.0,0.017461861717957296
412.0,10.0,10.0,0.017395006263315284
413.0,11.0,11.0,0.01732215690064985
414.0,10.0,10.0,0.017256553148254514
415.0,9.0,9.0,0.01719801247754081
416.0,10.0,10.0,0.017133521012153985
417.0,10.0,10.0,0.01706960736586941
418.0,14.0,14.0,0.016981089148919156
419.0,10.0,10.0,0.016918541234392105
420.0,17.0,17.0,0.016813493220031908
421.0,10.0,10.0,0.016752446901546897
422.0,9.0,9.0,0.016697972998786285
423.0,10.0,10.0,0.016637961697727705
424.0,10.0,10.0,0.016578488075195963
425.0,9.0,9.0,0.01652541754758648
426.0,10.0,10.0,0.016466952278011333
427.0,10.0,10.0,0.01640901083510651
428.0,19.0,19.0,0.016300348460942787
429.0,18.0,18.0,0.016199105101271444
430.0,13.0,13.0,0.016126998219402878
431.0,10.0,10.0,0.016072102636097815
432.0,11.0,11.0,0.016012285403856488
433.0,10.0,10.0,0.01595841760392861
434.0,9.0,9.0,0.015910349360535366
435.0,10.0,10.0,0.015857394868945038
436.0,17.0,17.0,0.015768458823113934
437.0,12.0,12.0,0.015706494676506318
438.0,21.0,21.0,0.015599654744813576
439.0,11.0,11.0,0.015544491670600947
440.0,10.0,10.0,0.01549481512533546
441.0,10.0,10.0,0.015445583663099428
442.0,10.0,10.0,0.015396793296117482
443.0,10.0,10.0,0.015348440072343232
444.0,15.0,15.0,0.015276721322155573
445.0,9.0,9.0,0.01523415251585632
446.0,9.0,9.0,0.015191927124181246
447.0,10.0,10.0,0.015145409423709788
448.0,8.0,8.0,0.015108495525361035
449.0,10.0,10.0,0.01506272534041338
450.0,9.0,9.0,0.01502188290034411
451.0,10.0,10.0,0.014976888731710096
452.0,8.0,8.0,0.014941183824751899
453.0,10.0,10.0,0.014896912689268566
454.0,10.0,10.0,0.014853038206390458
455.0,10.0,10.0,0.014809556822260478
456.0,9.0,9.0,0.014770756764373696
457.0,9.0,9.0,0.014732269717549602
458.0,9.0,9.0,0.014694093156639255
459.0,10.0,10.0,0.014652035859950967
460.0,9.0,9.0,0.014614506568307699
461.0,17.0,17.0,0.01454444197870272
462.0,10.0,10.0,0.014503725499884934
463.0,13.0,13.0,0.014451338970332139
464.0,11.0,11.0,0.014407488134315253
465.0,11.0,11.0,0.0143640692797386
466.0,10.0,10.0,0.014324968871983246
467.0,17.0,17.0,0.014259300492366888
468.0,9.0,9.0,0.014224939508232934
469.0,10.0,10.0,0.014187085650531686
470.0,10.0,10.0,0.01414957094905743
471.0,10.0,10.0,0.01411239236509883
472.0,16.0,16.0,0.014053598248638739
473.0,10.0,10.0,0.014017279543724035
474.0,9.0,9.0,0.01398487101117017
475.0,10.0,10.0,0.013949168076271171
476.0,10.0,10.0,0.013913785026145561
477.0,10.0,10.0,0.013878718994746936
478.0,10.0,10.0,0.013843967141707584
479.0,12.0,12.0,0.013802675671866587
480.0,10.0,10.0,0.013768605138197096
481.0,10.0,10.0,0.013734839863604284
482.0,9.0,9.0,0.013704709851991778
483.0,9.0,9.0,0.01367482290772163
484.0,10.0,10.0,0.013641897886391712
485.0,10.0,10.0,0.013609267860781808
486.0,10.0,10.0,0.013576930187841998
487.0,9.0,9.0,0.013548074078334589
488.0,16.0,16.0,0.013497347916516706
489.0,10.0,10.0,0.013466013003885271
490.0,9.0,9.0,0.013438051694734153
491.0,10.0,10.0,0.013407248053790089
492.0,10.0,10.0,0.013376720401801302
493.0,16.0,16.0,0.013328444051946758
494.0,9.0,9.0,0.013301592550517204
495.0,18.0,18.0,0.013248537656148673
496.0,20.0,20.0,0.013190587098017795
497.0,12.0,12.0,0.013156314164333369
498.0,10.0,10.0,0.013128034784947158
499.0,10.0,10.0,0.013100008778088786
500.0,9.0,9.0,0.013075000128750729
501.0,9.0,9.0,0.01305019323127419
502.0,9.0,9.0,0.013025586458069734
503.0,23.0,23.0,0.012963600585513385
504.0,12.0,12.0,0.012931765915838474
505.0,20.0,20.0,0.012879466238532795
506.0,19.0,19.0,0.012830645968782375
507.0,10.0,10.0,0.012805284453074021
508.0,10.0,10.0,0.01278015016694016
509.0,11.0,11.0,0.01275276247306078
510.0,9.0,9.0,0.012730555158073049
511.0,10.0,10.0,0.012706090418116966
512.0,9.0,9.0,0.01268425961982307
513.0,10.0,10.0,0.01266020967035421
514.0,10.0,10.0,0.012636375199323124
515.0,9.0,9.0,0.01261510681345614
516.0,12.0,12.0,0.012587015625332501
517.0,10.0,10.0,0.01256383694522089
518.0,10.0,10.0,0.012540865937303622
519.0,10.0,10.0,0.0125181007409165
520.0,11.0,11.0,0.012493294536895672
521.0,9.0,9.0,0.012473180423280753
522.0,8.0,8.0,0.01245543747549463
523.0,17.0,17.0,0.012418155218665095
524.0,10.0,10.0,0.01239648946383748
525.0,9.0,9.0,0.012377156304180941
526.0,10.0,10.0,0.012355857884097828
527.0,11.0,11.0,0.012332649959820842
528.0,10.0,10.0,0.0123117502997254
529.0,9.0,9.0,0.012293100754920358
530.0,10.0,10.0,0.012272555440720659
531.0,9.0,9.0,0.012254222091950812
532.0,10.0,10.0,0.012234025115845136
533.0,9.0,9.0,0.012216002602125343
534.0,9.0,9.0,0.012198125481131205
535.0,10.0,10.0,0.012178431109410597
536.0,10.0,10.0,0.01215891319180091
537.0,9.0,9.0,0.012141496627258682
538.0,9.0,9.0,0.012124220567078374
539.0,10.0,10.0,0.012105188355394501
540.0,10.0,10.0,0.012086326665118429
541.0,9.0,9.0,0.012069495676657566
542.0,10.0,10.0,0.012050953779263558
543.0,9.0,9.0,0.012034408153897364
544.0,10.0,10.0,0.012016180627417088
545.0,9.0,9.0,0.011999915526921355
546.0,10.0,10.0,0.011981997041313912
547.0,10.0,10.0,0.011964239098550475
548.0,10.0,10.0,0.011946640260227969
549.0,9.0,9.0,0.011930936161581706
550.0,9.0,9.0,0.011915358752349677
551.0,9.0,9.0,0.011899907010492473
552.0,10.0,10.0,0.011882884563311717
553.0,10.0,10.0,0.011866014630810058
554.0,9.0,9.0,0.011850960961965163
555.0,10.0,10.0,0.011834377052839778
556.0,12.0,12.0,0.01181467237744531
557.0,10.0,10.0,0.01179841360029209
558.0,10.0,10.0,0.011782300495623777
559.0,9.0,9.0,0.01176792217243155
560.0,11.0,11.0,0.011750506094754561
561.0,9.0,9.0,0.0117363842660045
562.0,16.0,16.0,0.011711559499860746
563.0,11.0,11.0,0.0116946986596817
564.0,9.0,9.0,0.011681027045325889
565.0,20.0,20.0,0.011651039258259497
566.0,10.0,10.0,0.011636246571874394
567.0,9.0,9.0,0.01162304650707592
568.0,18.0,18.0,0.011596964984395408
569.0,10.0,10.0,0.011582656783022258
570.0,9.0,9.0,0.011569889042237503
571.0,10.0,10.0,0.011555823431050454
572.0,11.0,11.0,0.011540496771229458
573.0,10.0,10.0,0.011526694503657647
574.0,10.0,10.0,0.011513015899175354
575.0,11.0,11.0,0.011498110943042405
576.0,8.0,8.0,0.011487363282261168
577.0,11.0,11.0,0.011472711034067383
578.0,9.0,9.0,0.01146083025679746
579.0,9.0,9.0,0.011449045325124719
580.0,10.0,10.0,0.011436062427870677
581.0,9.0,9.0,0.011424477305292953
582.0,10.0,10.0,0.011411714528190904
583.0,10.0,10.0,0.011399066100737498
584.0,17.0,17.0,0.011377823311128821
585.0,19.0,19.0,0.011354462833823138
586.0,10.0,10.0,0.011342327359865876
587.0,9.0,9.0,0.011331498424645743
588.0,9.0,9.0,0.01132075684951489
589.0,10.0,10.0,0.011308923368410117
590.0,10.0,10.0,0.01129719591081384
591.0,11.0,11.0,0.011284417031122585
592.0,10.0,10.0,0.01127290914102607
593.0,17.0,17.0,0.011253581861879271
594.0,11.0,11.0,0.011241232631001689
595.0,11.0,11.0,0.011229005054327876
596.0,9.0,9.0,0.011219090322261427
597.0,15.0,15.0,0.011202743194295917
598.0,11.0,11.0,0.01119089478307965
599.0,10.0,10.0,0.011180224816901906
600.0,9.0,9.0,0.011170703608834822
601.0,10.0,10.0,0.011160214547930444
602.0,10.0,10.0,0.011149819465038796
603.0,10.0,10.0,0.011139517518152483
604.0,9.0,9.0,0.01113032470740063
605.0,11.0,11.0,0.01111918970201901
606.0,11.0,11.0,0.011108164389315998
607.0,10.0,10.0,0.011098235656130348
608.0,10.0,10.0,0.011088395880633307
609.0,10.0,10.0,0.011078644265797678
610.0,9.0,9.0,0.011069942536823713
611.0,10.0,10.0,0.011060356256958991
612.0,10.0,10.0,0.011050855866530837
613.0,10.0,10.0,0.011041440596002428
614.0,10.0,10.0,0.011032109682731703
615.0,9.0,9.0,0.011023783361426972
616.0,10.0,10.0,0.011014610650289964
617.0,11.0,11.0,0.01100461556217302
618.0,10.0,10.0,0.010995614587257082
619.0,9.0,9.0,0.010987582682230053
620.0,9.0,9.0,0.010979615572857072
621.0,10.0,10.0,0.01097083858837609
622.0,10.0,10.0,0.01096214024235157
623.0,9.0,9.0,0.010954378384351336
624.0,10.0,10.0,0.010945827515520201
625.0,10.0,10.0,0.010937353259234955
626.0,14.0,14.0,0.010925616703742416
627.0,10.0,10.0,0.010917323528675393
628.0,9.0,9.0,0.01090992321980519
629.0,9.0,9.0,0.010902582611323852
630.0,10.0,10.0,0.010894495813000208
631.0,10.0,10.0,0.010886481469326484
632.0,10.0,10.0,0.010878538931136461
633.0,11.0,11.0,0.010869884306795228
634.0,10.0,10.0,0.010862090472894931
635.0,11.0,11.0,0.010853597884887009
636.0,9.0,9.0,0.01084671166884474
637.0,9.0,9.0,0.0108398810058588
638.0,10.0,10.0,0.010832355990170456
639.0,9.0,9.0,0.0108256411385127
640.0,15.0,15.0,0.010814569882266633
641.0,9.0,9.0,0.010807998516181822
642.0,10.0,10.0,0.010800759155524762
643.0,10.0,10.0,0.010793584656797113
644.0,9.0,9.0,0.01078718258447326
645.0,19.0,19.0,0.010773836199090253
646.0,9.0,9.0,0.010767593443171325
647.0,9.0,9.0,0.010761401049333557
648.0,10.0,10.0,0.010754579184329599
649.0,10.0,10.0,0.010747818440652139
650.0,10.0,10.0,0.010741118270677244
651.0,9.0,9.0,0.0107351394595589
652.0,10.0,10.0,0.010728552888452146
653.0,8.0,8.0,0.010723326146505804
654.0,10.0,10.0,0.010716845418209442
655.0,10.0,10.0,0.010710422754783892
656.0,10.0,10.0,0.010704057635989903
657.0,10.0,10.0,0.010697749546249375
658.0,10.0,10.0,0.010691497974603588
659.0,11.0,11.0,0.01068468591996285
660.0,10.0,10.0,0.010678551393460443
661.0,9.0,9.0,0.010673077327071713
662.0,11.0,11.0,0.010666446737109272
663.0,8.0,8.0,0.01066166555351771
664.0,10.0,10.0,0.01065573728077916
665.0,10.0,10.0,0.010649862123118881
666.0,10.0,10.0,0.010644039604645885
667.0,10.0,10.0,0.010638269253732997
668.0,11.0,11.0,0.010631981563542111
669.0,9.0,9.0,0.010626883189168962
670.0,10.0,10.0,0.010621266553240362
671.0,10.0,10.0,0.010615700240242252
672.0,10.0,10.0,0.010610183799300236
673.0,11.0,11.0,0.010604172783311203
674.0,10.0,10.0,0.010598759624017002
675.0,9.0,9.0,0.010593929260444916
676.0,10.0,10.0,0.010588607879235627
677.0,10.0,10.0,0.01058333417558638
678.0,12.0,12.0,0.010577068064396952
679.0,11.0,11.0,0.010571383276689005
680.0,9.0,9.0,0.010566773765869118
681.0,10.0,10.0,0.010561695687605463
682.0,9.0,9.0,0.010557164329312122
683.0,9.0,9.0,0.010552669526770295
684.0,9.0,9.0,0.010548210985074373
685.0,9.0,9.0,0.01054378841169784
686.0,9.0,9.0,0.010539401516474067
687.0,9.0,9.0,0.010535050011577285
688.0,10.0,10.0,0.010530256166135989
689.0,10.0,10.0,0.010525505271734067
690.0,10.0,10.0,0.010520796943546478
691.0,10.0,10.0,0.01051613080019606
692.0,8.0,8.0,0.010512428004495235
693.0,9.0,9.0,0.010508294102563731
694.0,9.0,9.0,0.010504193549990633
695.0,8.0,8.0,0.010500576393819018
696.0,9.0,9.0,0.01049653810218952
697.0,10.0,10.0,0.01049208930886907
698.0,16.0,16.0,0.010485053998624856
699.0,10.0,10.0,0.010480708098522478
700.0,19.0,19.0,0.010472557873065056
701.0,9.0,9.0,0.010468745614782771
702.0,10.0,10.0,0.010464545831622447
703.0,10.0,10.0,0.010460383676928474
704.0,9.0,9.0,0.010456669631336521
705.0,9.0,9.0,0.010452985548002901
706.0,9.0,9.0,0.01044933118521358
707.0,10.0,10.0,0.010445305347988536
708.0,10.0,10.0,0.01044131558074015
709.0,10.0,10.0,0.010437361560295092
710.0,8.0,8.0,0.010434223866314126
711.0,12.0,12.0,0.010429559481573265
712.0,12.0,12.0,0.010424945201137346
713.0,10.0,10.0,0.010421137853092875
714.0,10.0,10.0,0.010417364617444762
715.0,9.0,9.0,0.010413997618797029
716.0,9.0,9.0,0.010410657782681574
717.0,12.0,12.0,0.010406246542204364
718.0,11.0,11.0,0.010402244544013851
719.0,9.0,9.0,0.010398999523283428
720.0,10.0,10.0,0.010395424638685008
721.0,8.0,8.0,0.01039258780613875
722.0,10.0,10.0,0.010389070368097362
723.0,8.0,8.0,0.010386279121991216
724.0,11.0,11.0,0.01038247382597847
725.0,9.0,9.0,0.010379388301233349
726.0,10.0,10.0,0.0103759891257563
727.0,10.0,10.0,0.010372620405604008
728.0,10.0,10.0,0.010369281867908302
729.0,12.0,12.0,0.010365315082930846
730.0,11.0,11.0,0.01036171630694392
731.0,9.0,9.0,0.010358798238987417
732.0,10.0,10.0,0.010355583542669133
733.0,11.0,11.0,0.010352080633606533
734.0,10.0,10.0,0.010348926124488015
735.0,15.0,15.0,0.010344247275100601
736.0,20.0,20.0,0.010338106259099339
737.0,9.0,9.0,0.010335378660089755
738.0,10.0,10.0,0.010332373794327691
739.0,9.0,9.0,0.010329692440735968
740.0,9.0,9.0,0.01032703271838355
741.0,15.0,15.0,0.010322647443889362
742.0,11.0,11.0,0.010319468993484314
743.0,10.0,10.0,0.010316606672308886
744.0,10.0,10.0,0.01031376999644702
745.0,10.0,10.0,0.010310958736126422
746.0,10.0,10.0,0.010308172663633467
747.0,17.0,17.0,0.010303493508693425
748.0,10.0,10.0,0.010300774321810643
749.0,9.0,9.0,0.010298347890118829
750.0,9.0,9.0,0.01029594103313911
751.0,10.0,10.0,0.010293289513576623
752.0,12.0,12.0,0.010290139030063606
753.0,22.0,22.0,0.01028445077680958
754.0,10.0,10.0,0.010281902205591609
755.0,9.0,9.0,0.010279628020609586
756.0,9.0,9.0,0.010277372182122305
757.0,10.0,10.0,0.01027488703243155
758.0,10.0,10.0,0.010272424148740718
759.0,10.0,10.0,0.010269983331554882
760.0,10.0,10.0,0.010267564383166516
761.0,10.0,10.0,0.010265167107639476
762.0,9.0,9.0,0.010263027929435268
763.0,9.0,9.0,0.010260906008587863
764.0,10.0,10.0,0.010258568389575038
765.0,9.0,9.0,0.010256482445099495
766.0,10.0,10.0,0.010254184459539998
767.0,10.0,10.0,0.0102519070630607
768.0,10.0,10.0,0.010249650071191241
769.0,19.0,19.0,0.010245417347898408
770.0,9.0,9.0,0.010243437496603001
771.0,10.0,10.0,0.010241256388840962
772.0,10.0,10.0,0.010239094822978325
773.0,11.0,11.0,0.01023673946250257
774.0,10.0,10.0,0.010234618366589034
775.0,9.0,9.0,0.010232725633736223
776.0,10.0,10.0,0.010230640500208107
777.0,10.0,10.0,0.01022857404868661
778.0,9.0,9.0,0.010226730077059243
779.0,9.0,9.0,0.010224900981273564
780.0,12.0,12.0,0.010222485119809843
781.0,8.0,8.0,0.010220888979946038
782.0,10.0,10.0,0.010218909898352477
783.0,11.0,11.0,0.01021675338272446
784.0,9.0,9.0,0.010215004771759321
785.0,15.0,15.0,0.01021212171178176
786.0,14.0,14.0,0.01020946574593647
787.0,10.0,10.0,0.010207589012192823
788.0,8.0,8.0,0.010206099739121744
789.0,17.0,17.0,0.010202970413499275
790.0,9.0,9.0,0.010201332993652893
791.0,10.0,10.0,0.010199529126289242
792.0,11.0,11.0,0.010197563533676363
793.0,9.0,9.0,0.010195969732661792
794.0,17.0,17.0,0.010192994216495393
795.0,10.0,10.0,0.010191265061416571
796.0,15.0,15.0,0.01018870033394953
797.0,9.0,9.0,0.010187178034878935
798.0,10.0,10.0,0.010185500990584384
799.0,10.0,10.0,0.010183838971971493
800.0,10.0,10.0,0.010182191844415846
